{
    "_id": {
        "$oid": "635b7abfbea3729dd1ce42f3"
    },
    "deposit": 1000,
    "enterTime": 1655312220000,
    "enterPrice": 20762.11,
    "avegarePrice": 20682.62089986757,
    "positionType": "LONG",
    "status": false,
    "volume": 0.003384484023514071,
    "volumeUSDT": 70,
    "enterStep": 3,
    "patternEnter": 23,
    "lastEnterPrice": 21256.75,
    "minPrice": 20545.85,
    "positionEnters": [
        {
            "buyPrice": 20762.11,
            "avegarePrice": 20762.11,
            "volume": 0.0009632932298306868,
            "volumeUSDT": 20,
            "time": 1655312220000
        },
        {
            "buyPrice": 20690.64,
            "avegarePrice": 20726.313388153983,
            "volumeUSDT": 20,
            "volume": 0.0009666206555234638,
            "time": 1655312580000
        },
        {
            "buyPrice": 20624.65,
            "avegarePrice": 20682.62089986757,
            "volumeUSDT": 30,
            "volume": 0.0014545701381599202,
            "time": 1655312940000
        }
    ],
    "__v": 0,
    "closePrice": 21256.75,
    "closeTime": 1655315580000,
    "minPricePercent": 0.6612841792620543,
    "percentProfit": 2.7759010954753194,
    "sumProfit": 1.9431307668327236
}